docs\acceptance\p2-03-surrogate-key-20260912\raw\analyze-golden-ids-console.txt	2448	57	2026-09-12 12:59:24	0221fdcd69855f9793b38a8b4ad23a928b492bc9c80ff6675350ae60971cbc09
docs\acceptance\p2-03-surrogate-key-20260912\raw\analyze-golden-ids.ps1	6577	131	2026-09-12 12:59:20	5a66c8dc2c24cbad7bd039e29168690acfdcd439542ebea50b2b974454c0a1b3
docs\acceptance\p2-03-surrogate-key-20260912\raw\analyze-landing-ids-console.txt	1649	17	2026-09-12 12:59:46	e8be6ec3b094a10f72613b15cdfc95fcc8021225cae435aaa90f625f4848586b
docs\acceptance\p2-03-surrogate-key-20260912\raw\analyze-landing-ids.ps1	4045	82	2026-09-12 12:59:43	19502ffc1f620b6be0e704bce1e2cd63b38baf326539999db32b1b4519af1fd4
docs\acceptance\p2-03-surrogate-key-20260912\raw\cited-file-fingerprints-console.txt	744	11	2026-09-12 13:03:39	1ecd5d70adc730e597d0a47e70db013b8996be0575d7cda59e4eba95e8ab7df6
docs\acceptance\p2-03-surrogate-key-20260912\raw\cited-file-fingerprints.tsv	9909	56	2026-09-12 13:03:38	0c044d422f7b9a73e48d746c1bcad4dde81e8b995df8359accfe1803df19e00b
docs\acceptance\p2-03-surrogate-key-20260912\raw\deliverable-fingerprints.tsv	6359	38	2026-09-12 13:14:08	a5f1d71eb24f9b07b26cb0009d7334bfded59fd2b5296dde546801e7da6fae25
docs\acceptance\p2-03-surrogate-key-20260912\raw\draft-vectors-console.txt	3334	38	2026-09-12 13:04:27	87b381d76efd93c622e40648e5e0edc7f353073ba713a90ab5f97e7ebe7a97b3
docs\acceptance\p2-03-surrogate-key-20260912\raw\draft-vectors.ps1	5335	76	2026-09-12 13:04:21	9ae900b938c2441785424be4df6c2dcbb974c820cb96a9d730715489e6ffb6b2
docs\acceptance\p2-03-surrogate-key-20260912\raw\draft-vectors.tsv	4682	22	2026-09-12 13:04:27	3aa11845cf70c8b5ef8cfd756a0ed1ee2763ac7ba7b83da19093d32c65928567
docs\acceptance\p2-03-surrogate-key-20260912\raw\final-readme-hash.txt	133	3	2026-09-12 13:14:09	74fa0b0a8086dd1e524f8e3de438e7b9a9e390ef811bac513d4c8149eb16226e
docs\acceptance\p2-03-surrogate-key-20260912\raw\fingerprint-cited-files.ps1	6445	96	2026-09-12 13:03:35	82d41b681bc37cc58cfcd046633852dc8ffba316b05c3124fad235c759a8b842
docs\acceptance\p2-03-surrogate-key-20260912\raw\git-head-detail-early.txt	257	3	2026-09-12 12:58:08	1d8d092c712e145e2596ae531b756fe8bfdee6f7ba732240a8b538115bbab797
docs\acceptance\p2-03-surrogate-key-20260912\raw\git-head-detail-late.txt	257	3	2026-09-12 13:01:47	1d8d092c712e145e2596ae531b756fe8bfdee6f7ba732240a8b538115bbab797
docs\acceptance\p2-03-surrogate-key-20260912\raw\git-head-early.txt	42	1	2026-09-12 12:58:08	92640474375dfecdfb349bdaa7b99750573954715f1831600b2603f9f14ca685
docs\acceptance\p2-03-surrogate-key-20260912\raw\git-head-late.txt	42	1	2026-09-12 13:01:47	92640474375dfecdfb349bdaa7b99750573954715f1831600b2603f9f14ca685
docs\acceptance\p2-03-surrogate-key-20260912\raw\git-head-postwindow.txt	42	1	2026-09-12 13:11:14	7c3c44bf1e961a85fcee94bf7f5d6f63f5d9264c9a229d1e2af59e9b10136101
docs\acceptance\p2-03-surrogate-key-20260912\raw\git-log-timeline.txt	2257	21	2026-09-12 13:11:49	3df4f1dda2c371230d632fd4a927ebafa070a2fd31b459c2912da9c0f83e74eb
docs\acceptance\p2-03-surrogate-key-20260912\raw\git-status-early.txt	1320	20	2026-09-12 12:58:08	d9ace97fb562d23cbd9b14ab9377fbde9897dc6746888ef705d80b629ec758f1
docs\acceptance\p2-03-surrogate-key-20260912\raw\git-status-late.txt	1418	19	2026-09-12 13:01:47	a98e2dd293fa714a2fcac400e71977e5dfca9f88c2c5ead94cffcfb2a5e59b6e
docs\acceptance\p2-03-surrogate-key-20260912\raw\git-status-postwindow.txt	2115	29	2026-09-12 13:11:14	61b87cc02031c6c5b6050c4adee4ff453ac4dc9e11e3eb74237ce54a0162d0ee
docs\acceptance\p2-03-surrogate-key-20260912\raw\golden-id-samples.tsv	5317	188	2026-09-12 12:59:23	af33e40d8eb5079f127ddd42cb34f5359891d6cfa2ecd64ac19b957a57fc2ed3
docs\acceptance\p2-03-surrogate-key-20260912\raw\golden-id-shapes.tsv	1331	9	2026-09-12 12:59:23	5a173fb9ed1b79d4951b71b1f0696f649e3328bbfee69471eea6702e80b89662
docs\acceptance\p2-03-surrogate-key-20260912\raw\golden-line-classes.tsv	709	55	2026-09-12 12:59:23	646e838ece539241acea0684c3232533df3c38ad79993d84164d6d26a73d5181
docs\acceptance\p2-03-surrogate-key-20260912\raw\grep-surrogate-key-hits.tsv	340420	1732	2026-09-12 12:57:41	e199cb26493808a2c06e4b0044df50bdd4405b20227acbf49174463b15565586
docs\acceptance\p2-03-surrogate-key-20260912\raw\grep-surrogate-key-per-file.tsv	20042	124	2026-09-12 12:57:41	e5657d709badbd565fc604ad620c21472dd14037b4753177eb2ce255ae51a9e2
docs\acceptance\p2-03-surrogate-key-20260912\raw\grep-surrogate-key-summary.tsv	2548	64	2026-09-12 12:57:41	51124d1a7b283a859ec84de11dd4142e6c2702d83f7c75d4b26fd788b49e6e26
docs\acceptance\p2-03-surrogate-key-20260912\raw\hash-key-shapes-console.txt	2006	21	2026-09-12 13:02:58	ef1cb4d3e6715737cdaea0476e3e05dc29bac9d09fee188d740fcffeb6c5dfca
docs\acceptance\p2-03-surrogate-key-20260912\raw\hash-key-shapes.ps1	3079	58	2026-09-12 13:02:55	c2acbefd9b997124e351b0c5cc18f5ec70d9f5f3693575b14d1ae0c5be73368e
docs\acceptance\p2-03-surrogate-key-20260912\raw\hash-key-vectors.tsv	2051	13	2026-09-12 13:02:58	f3f8eeaca69add0b149d9494e3728fc41ad10a399fee746c3d1f8b7ffa43a0a0
docs\acceptance\p2-03-surrogate-key-20260912\raw\landing-id-shapes.tsv	803	9	2026-09-12 12:59:46	508f6d30b3ae0e690b807f325f40636a2254307e212113da32f8da39ff97d987
docs\acceptance\p2-03-surrogate-key-20260912\raw\postwindow-timestamp.txt	32	1	2026-09-12 13:11:14	f15cae79a8ea8f81957b48ed9d667777187371f323112723a59fc05c6a936f77
docs\acceptance\p2-03-surrogate-key-20260912\raw\scan-surrogate-key-console.txt	470	16	2026-09-12 12:57:41	6f81608bc3822e3b1564b6e3662131dd1949077b556a3b7a8c0bef7f59d41daa
docs\acceptance\p2-03-surrogate-key-20260912\raw\scan-surrogate-key.ps1	5222	128	2026-09-12 12:57:36	9370bd128016201f0eb33a1069d7163f8295c556a18d1cd1be36c564c8dcd299
docs\acceptance\p2-03-surrogate-key-20260912\raw\source-files-inventory.txt	53873	447	2026-09-12 12:57:06	72018b403f1164535437ad7d44dd3ba6a8a0046bb7a62e9ed1db9df421e7019a
docs\acceptance\p2-03-surrogate-key-20260912\raw\verify-raw-fingerprints-console.txt	149	2	2026-09-12 13:14:09	e96b8c979ef34e18fa30b79445ca74a5d475cb003a69d07e09ddcd8ecd9582b5
docs\acceptance\p2-03-surrogate-key-20260912\raw\verify-raw-fingerprints.ps1	6345	64	2026-09-12 13:13:05	2c816b7812a5a58d839bd4362b142cf8211023f4e75568534f23bdc75a89c81d
docs\acceptance\p2-03-surrogate-key-20260912\raw\window-timestamp-early.txt	32	1	2026-09-12 12:58:08	5fdb1a76ba011354652f38dc536b9506e95287a63f00145ce7e204c2351e6039
docs\acceptance\p2-03-surrogate-key-20260912\raw\window-timestamp-late.txt	54	1	2026-09-12 13:01:47	5654abd301eeb118ee023125c8d4c08b549e68b5550561e6ab27ee4c9a58c945
docs\acceptance\p2-03-surrogate-key-20260912\README.md	85262	709	2026-09-12 13:14:00	e90226e364322334cf4a7d1bac7df9dd3ca09e5a4ca966261e3481c298b0d677
