V01	UUID	mock-mall	user	89a6db2c-9ecb-4be0-a24b-9f697da00686	89A6DB2C-9ECB-4BE0-A24B-9F697DA00686	mock-mall|user|89A6DB2C-9ECB-4BE0-A24B-9F697DA00686	21f71a4b7c67bfaed5ebf0ac94844e807116179f037d00a293b77007c6a05d9a	21f71a4b7c67bfae	真实 landing 取值
V02	雪花 19 位	mock-mall	user	2098607948334395394	2098607948334395394	mock-mall|user|2098607948334395394	49c62368e41015b548f8dd08266bd3129b468a8dbb86a9839fb2928888e7de40	49c62368e41015b5	真实 landing 取值
V03	纯数字	mock-mall	user	123	123	mock-mall|user|123	2e01499376d22ec1c1c5054bc4ae83d7ba1b15564e8649383ec7408bce304c5f	2e01499376d22ec1	IdCodecSpec 已固化
V04	前缀数字	mock-mall	user	U000065	U000065	mock-mall|user|U000065	d30271ac8944a9b324fc87dc24111d4b613bff32be7599320f75273efe4f20fe	d30271ac8944a9b3	IdCodec 契约文档书写形
V05	纯数字(目录商品)	mock-mall	product	1001	1001	mock-mall|product|1001	59fb5eddea80aee68cd1e9d0590abb3ffa5a3dad834f9258fc6e215c1bdb1ee4	59fb5eddea80aee6	真实 landing + 黄金集
V06	前缀数字(订单)	mock-mall	order	O00000001	O00000001	mock-mall|order|O00000001	9733fba9ffefe6269d7a27ffe752219cf5f99b102196e3c63652769693dfa85d	9733fba9ffefe626	契约文档书写形
V07	前缀小写	mock-mall	user	u000065	U000065	mock-mall|user|U000065	d30271ac8944a9b324fc87dc24111d4b613bff32be7599320f75273efe4f20fe	d30271ac8944a9b3	与 V04 必须同值
V08	首尾空格	mock-mall	user	  U000065  	U000065	mock-mall|user|U000065	d30271ac8944a9b324fc87dc24111d4b613bff32be7599320f75273efe4f20fe	d30271ac8944a9b3	与 V04 必须同值
V09	非 ASCII	mock-mall	user	用户一	用户一	mock-mall|user|用户一	0fc11177a278e09dbc101a72293e926278d9b285dd6afb3a49677ee547952356	0fc11177a278e09d	UTF-8 编码路径
V10	超长 256	mock-mall	user	AAAAAAAAAAAAAAAAAAAAAAAAAAAAAAAAAAAAAAAAAAAAAAAAAAAAAAAAAAAAAAAAAAAAAAAAAAAAAAAAAAAAAAAAAAAAAAAAAAAAAAAAAAAAAAAAAAAAAAAAAAAAAAAAAAAAAAAAAAAAAAAAAAAAAAAAAAAAAAAAAAAAAAAAAAAAAAAAAAAAAAAAAAAAAAAAAAAAAAAAAAAAAAAAAAAAAAAAAAAAAAAAAAAAAAAAAAAAAAAAAAAAAAAAAAAAAAAA	AAAAAAAAAAAAAAAAAAAAAAAAAAAAAAAAAAAAAAAAAAAAAAAAAAAAAAAAAAAAAAAAAAAAAAAAAAAAAAAAAAAAAAAAAAAAAAAAAAAAAAAAAAAAAAAAAAAAAAAAAAAAAAAAAAAAAAAAAAAAAAAAAAAAAAAAAAAAAAAAAAAAAAAAAAAAAAAAAAAAAAAAAAAAAAAAAAAAAAAAAAAAAAAAAAAAAAAAAAAAAAAAAAAAAAAAAAAAAAAAAAAAAAAAAAAAAAAA	mock-mall|user|AAAAAAAAAAAAAAAAAAAAAAAAAAAAAAAAAAAAAAAAAAAAAAAAAAAAAAAAAAAAAAAAAAAAAAAAAAAAAAAAAAAAAAAAAAAAAAAAAAAAAAAAAAAAAAAAAAAAAAAAAAAAAAAAAAAAAAAAAAAAAAAAAAAAAAAAAAAAAAAAAAAAAAAAAAAAAAAAAAAAAAAAAAAAAAAAAAAAAAAAAAAAAAAAAAAAAAAAAAAAAAAAAAAAAAAAAAAAAAAAAAAAAAAAAAAAAAAA	1745107ddb75a7abdbd42930dd443ed453d9adfe09cb874b69118f8d07a02525	1745107ddb75a7ab	长度上限
V11	非 ASCII 带空格	mock-mall	product	 商品-壹 	商品-壹	mock-mall|product|商品-壹	d0291c643b444c49f45ac8973df6966741ed319d5aba993c681efb7172af4795	d0291c643b444c49	组合用例
V12	UUID 大写	mock-mall	user	89A6DB2C-9ECB-4BE0-A24B-9F697DA00686	89A6DB2C-9ECB-4BE0-A24B-9F697DA00686	mock-mall|user|89A6DB2C-9ECB-4BE0-A24B-9F697DA00686	21f71a4b7c67bfaed5ebf0ac94844e807116179f037d00a293b77007c6a05d9a	21f71a4b7c67bfae	与 V01 必须同值
V13	空串	mock-mall	user			(不生成)	(不生成)	(不生成)	不生成键 → DQ/reject
V14	仅空白	mock-mall	user	   		(不生成)	(不生成)	(不生成)	不生成键 → DQ/reject
V15	null	mock-mall	user	(null)	(null)	(不生成)	(不生成)	(不生成)	不生成键 → DQ/reject
V16	同 raw 不同 source	other-src	user	U000065	U000065	other-src|user|U000065	000c353bbb99e5d448551d3b179e19c8158afc77b2039317a41ec9043e878514	000c353bbb99e5d4	与 V04 必须不同值
V17	同 raw 不同类型	mock-mall	product	U000065	U000065	mock-mall|product|U000065	9fe3c7ef8588b7c931e2aa37bc19dfe58f191144885ef810f823f8bfb0eefe80	9fe3c7ef8588b7c9	与 V04 必须不同值
V18	数字字符串 vs 数值	mock-mall	user	0007	0007	mock-mall|user|0007	dba4f8e25f0f6aea865240030f7045c65c74ca15e4bd0d6119af0204216853e6	dba4f8e25f0f6aea	前导零口径
V19	可解析为负数	mock-mall	user	-1	-1	mock-mall|user|-1	d8ed9597fa74d7cd9b81b74e39f19a565065fa34c2361afa7c9db46bd4bc35ac	d8ed9597fa74d7cd	不得与 unknown 哨兵 -1 混淆
V20	含分隔符	mock-mall	payment	P-1001	P-1001	mock-mall|payment|P-1001	ebb96b76ccf07992b38b2a595dc24f1c9acf2edfc7914ba4c3c37be60a161216	ebb96b76ccf07992	黄金集真实取值
V21	多段分隔符	mock-mall	refund	R-1003-A	R-1003-A	mock-mall|refund|R-1003-A	71b299b03a95bbc9dcb10ef9c94639592b80fe90c3792068f3105dc8195f15fc	71b299b03a95bbc9	黄金集真实取值
V22	中文+冒号	mock-mall	user	user:U000001	USER:U000001	mock-mall|user|USER:U000001	dba849c78c65da6c444bf6c237b971dce23b022b9217ea2bc978f4d29d27498e	dba849c78c65da6c	MallApiDispatchSink 规范 ID 形
