brand_id	4	payload	101
brand_id	5	payload	102
brand_id	6	payload	202
brand_id	7	payload	102
brand_id	32	payload	101
category_id	4	payload	12
category_id	5	payload	11
category_id	6	payload	21
category_id	7	payload	11
category_id	32	payload	12
event_id	1	envelope	golden-evt-001
event_id	2	envelope	golden-evt-002
event_id	3	envelope	golden-evt-003
event_id	4	envelope	golden-evt-004
event_id	5	envelope	golden-evt-005
event_id	6	envelope	golden-evt-006
event_id	7	envelope	golden-evt-007
event_id	8	envelope	golden-evt-008
event_id	9	envelope	golden-evt-009
event_id	10	envelope	golden-evt-010
event_id	11	envelope	golden-evt-011
event_id	12	envelope	golden-evt-012
event_id	13	envelope	golden-evt-013
event_id	14	envelope	golden-evt-014
event_id	15	envelope	golden-evt-015
event_id	16	envelope	golden-evt-016
event_id	17	envelope	golden-evt-017
event_id	18	envelope	golden-evt-018
event_id	19	envelope	golden-evt-019
event_id	20	envelope	golden-evt-020
event_id	21	envelope	golden-evt-021
event_id	22	envelope	golden-evt-022
event_id	23	envelope	golden-evt-023
event_id	24	envelope	golden-evt-024
event_id	25	envelope	golden-evt-025
event_id	26	envelope	golden-evt-026
event_id	27	envelope	golden-evt-027
event_id	28	envelope	golden-evt-028
event_id	29	envelope	golden-evt-029
event_id	30	envelope	golden-evt-030
event_id	31	envelope	golden-evt-031
event_id	32	envelope	golden-evt-032
event_id	33	envelope	golden-evt-033
event_id	34	envelope	golden-evt-034
event_id	35	envelope	golden-evt-035
event_id	36	envelope	golden-evt-036
event_id	37	envelope	golden-evt-008
event_id	38	envelope	golden-evt-038
event_id	39	envelope	golden-evt-039
event_id	40	envelope	golden-evt-040
event_id	41	envelope	golden-evt-041
event_id	42	envelope	golden-evt-042
event_id	43	envelope	golden-evt-043
event_id	44	envelope	golden-evt-044
event_id	45	envelope	golden-evt-045
event_id	46	envelope	golden-evt-046
event_id	47	envelope	golden-evt-047
event_id	48	envelope	golden-evt-048
event_id	49	envelope	golden-evt-049
event_id	50	envelope	golden-evt-050
event_id	51	envelope	golden-evt-051
event_id	52	envelope	golden-evt-052
event_id	54	envelope	golden-evt-054
order_id	18	payload	1001
order_id	19	payload	1001
order_id	20	payload	1002
order_id	21	payload	1002
order_id	22	payload	1003
order_id	23	payload	1003
order_id	24	payload	1003
order_id	25	payload	1003
order_id	26	payload	1001
order_id	27	payload	1001
order_id	28	payload	1002
order_id	29	payload	1002
order_id	30	payload	1003
order_id	39	payload	1004
order_id	40	payload	1004
order_id	41	payload	1004
order_id	42	payload	1004
order_id	43	payload	1005
order_id	44	payload	1005
order_id	45	payload	1005
order_id	46	payload	1005
order_id	47	payload	1006
order_id	48	payload	1006
order_id	49	payload	1004
order_id	50	payload	1005
order_id	51	payload	1006
payment_id	19	payload	P-1001
payment_id	23	payload	P-1003
payment_id	40	payload	P-1004
payment_id	44	payload	P-1005
payment_id	48	payload	P-1006
product_id	4	payload	1
product_id	5	payload	2
product_id	6	payload	3
product_id	7	payload	4
product_id	8	payload	1
product_id	9	payload	2
product_id	10	payload	1
product_id	11	payload	2
product_id	12	payload	1
product_id	13	payload	3
product_id	14	payload	1
product_id	15	payload	2
product_id	16	payload	4
product_id	17	payload	4
product_id	26	payload	2
product_id	27	payload	1
product_id	28	payload	1
product_id	29	payload	1
product_id	30	payload	3
product_id	32	payload	1
product_id	33	payload	2
product_id	34	payload	2
product_id	35	payload	3
product_id	36	payload	3
product_id	37	payload	1
product_id	38	payload	2
product_id	49	payload	2
product_id	50	payload	1
product_id	51	payload	3
product_id	52	payload	3
product_id	55	payload	1
refund_id	24	payload	R-1003-A
refund_id	25	payload	R-1003-A
refund_id	41	payload	R-1004-B
refund_id	42	payload	R-1004-B
refund_id	45	payload	R-1005-C
refund_id	46	payload	R-1005-C
session_id	8	payload	s-1
session_id	9	payload	s-1
session_id	10	payload	s-1
session_id	11	payload	s-1
session_id	12	payload	s-2
session_id	13	payload	s-2
session_id	14	payload	s-2
session_id	15	payload	s-3
session_id	16	payload	s-3
session_id	17	payload	s-3
session_id	33	payload	s-1
session_id	34	payload	s-4
session_id	35	payload	s-4
session_id	36	payload	s-4
session_id	37	payload	s-1
session_id	38	payload	s-3
session_id	55	payload	s-5
user_id	1	payload	1
user_id	2	payload	2
user_id	3	payload	3
user_id	8	payload	1
user_id	9	payload	1
user_id	10	payload	1
user_id	11	payload	1
user_id	12	payload	2
user_id	13	payload	2
user_id	14	payload	2
user_id	15	payload	3
user_id	16	payload	3
user_id	17	payload	3
user_id	18	payload	1
user_id	19	payload	1
user_id	20	payload	2
user_id	21	payload	2
user_id	22	payload	3
user_id	23	payload	3
user_id	24	payload	3
user_id	25	payload	3
user_id	31	payload	1
user_id	33	payload	1
user_id	34	payload	2
user_id	35	payload	2
user_id	36	payload	2
user_id	37	payload	1
user_id	38	payload	3
user_id	39	payload	1
user_id	40	payload	1
user_id	41	payload	1
user_id	42	payload	1
user_id	43	payload	2
user_id	44	payload	2
user_id	45	payload	2
user_id	46	payload	2
user_id	47	payload	3
user_id	48	payload	3
user_id	54	payload	9
user_id	55	payload	3
