1	JSON	357
2	JSON	359
3	JSON	359
4	JSON	371
5	JSON	371
6	JSON	366
7	JSON	366
8	JSON	318
9	JSON	318
10	JSON	322
11	JSON	322
12	JSON	318
13	JSON	318
14	JSON	322
15	JSON	318
16	JSON	318
17	JSON	320
18	JSON	519
19	JSON	304
20	JSON	410
21	JSON	291
22	JSON	409
23	JSON	303
24	JSON	332
25	JSON	334
26	JSON	323
27	JSON	323
28	JSON	323
29	JSON	323
30	JSON	323
31	JSON	361
32	JSON	371
33	JSON	325
34	JSON	318
35	JSON	322
36	JSON	322
37	JSON	318
38	JSON	322
39	JSON	410
40	JSON	303
41	JSON	337
42	JSON	339
43	JSON	410
44	JSON	303
45	JSON	339
46	JSON	341
47	JSON	407
48	JSON	302
49	JSON	323
50	JSON	323
51	JSON	323
52	JSON	311
53	NOT_JSON	38
54	JSON	357
55	JSON	290
