label	relpath	src_bytes	src_sha256	copy_bytes	copy_sha256	copy_path
base	warehouse/ddl/00-ods.sql	4517	36EDBF7929D9AA6441F898A6D5CF3346C99E7BB09E13F0F2914907BFA1161693	4517	36EDBF7929D9AA6441F898A6D5CF3346C99E7BB09E13F0F2914907BFA1161693	D:\Develop_code\graduation-lane-backup\p2-01\files\base~warehouse__ddl__00-ods.sql
base	docs/acceptance/p2-01-ods-v2-20260912/ORDER-1.md	10402	801C06E45C6691C9B70F354B35BCDC0196FABA194C0ADD50A9B6D44D6327465B	10402	801C06E45C6691C9B70F354B35BCDC0196FABA194C0ADD50A9B6D44D6327465B	D:\Develop_code\graduation-lane-backup\p2-01\files\base~docs__acceptance__p2-01-ods-v2-20260912__ORDER-1.md
base	spark-jobs/src/main/scala/com/graduation/analytics/sql/OdsLoadSql.scala	10890	061A0CF65A85140FAB325F403B40A656E06C9B0E2B4996C51AA82C9D680C2DD8	10890	061A0CF65A85140FAB325F403B40A656E06C9B0E2B4996C51AA82C9D680C2DD8	D:\Develop_code\graduation-lane-backup\p2-01\files\base~spark-jobs__src__main__scala__com__graduation__analytics__sql__OdsLoadSql.scala
base	spark-jobs/src/main/scala/com/graduation/analytics/job/EventOdsLoadJob.scala	4541	DC93C1C3FD163DFED937BDB1C620659A762DCD99EB83992E1AB0DDB9351B1D15	4541	DC93C1C3FD163DFED937BDB1C620659A762DCD99EB83992E1AB0DDB9351B1D15	D:\Develop_code\graduation-lane-backup\p2-01\files\base~spark-jobs__src__main__scala__com__graduation__analytics__job__EventOdsLoadJob.scala
base	spark-jobs/src/main/scala/com/graduation/analytics/job/LocalSchemaInitJob.scala	16598	EE4BCFEACC23CF52431C198C9B1BBE7BDB92E18E78FE479A8C25D30863ED57CD	16598	EE4BCFEACC23CF52431C198C9B1BBE7BDB92E18E78FE479A8C25D30863ED57CD	D:\Develop_code\graduation-lane-backup\p2-01\files\base~spark-jobs__src__main__scala__com__graduation__analytics__job__LocalSchemaInitJob.scala
base	spark-jobs/src/test/scala/com/graduation/analytics/SqlTemplateSpec.scala	11680	0755CE5B77BD2A97C3D45F3BF3110533EAD70B111F858990AEB5F48408810B5F	11680	0755CE5B77BD2A97C3D45F3BF3110533EAD70B111F858990AEB5F48408810B5F	D:\Develop_code\graduation-lane-backup\p2-01\files\base~spark-jobs__src__test__scala__com__graduation__analytics__SqlTemplateSpec.scala
base	spark-jobs/src/test/scala/com/graduation/analytics/IdCodecSpec.scala	5546	CB83A0B75DBF8244C1DE8A272785D9C3BC4368694AE2A07BFCA1E79F2356E143	5546	CB83A0B75DBF8244C1DE8A272785D9C3BC4368694AE2A07BFCA1E79F2356E143	D:\Develop_code\graduation-lane-backup\p2-01\files\base~spark-jobs__src__test__scala__com__graduation__analytics__IdCodecSpec.scala
base	spark-jobs/src/test/scala/com/graduation/analytics/WarehouseNamespaceSpec.scala	12968	3E1280BFFF79A8A23D521B3765B0E0BDAD7058DF4BE0BC0218848EDF43B023F1	12968	3E1280BFFF79A8A23D521B3765B0E0BDAD7058DF4BE0BC0218848EDF43B023F1	D:\Develop_code\graduation-lane-backup\p2-01\files\base~spark-jobs__src__test__scala__com__graduation__analytics__WarehouseNamespaceSpec.scala
base	spark-jobs/src/test/scala/com/graduation/analytics/JobArgsRegistrySpec.scala	2172	2989DBFAF2ADF3AAFE698AF0AF3CBFAF6E0816247F658EE6E7197075EF5E52DB	2172	2989DBFAF2ADF3AAFE698AF0AF3CBFAF6E0816247F658EE6E7197075EF5E52DB	D:\Develop_code\graduation-lane-backup\p2-01\files\base~spark-jobs__src__test__scala__com__graduation__analytics__JobArgsRegistrySpec.scala
base	analytics-server/warehouse-pipeline/src/main/java/com/graduation/analytics/pipeline/PipelineService.java	63431	76386EB9FAF2AB7C393032D91AD598AEBC99A720198EC266B414862B03B301B1	63431	76386EB9FAF2AB7C393032D91AD598AEBC99A720198EC266B414862B03B301B1	D:\Develop_code\graduation-lane-backup\p2-01\files\base~analytics-server__warehouse-pipeline__src__main__java__com__graduation__analytics__pipeline__PipelineService.java
base	analytics-server/warehouse-pipeline/src/main/java/com/graduation/analytics/pipeline/spark/JobCommandBuilder.java	6110	68FF7E49B33E68D4653DDA54FA662EC144846EBA1A427D49CA8A237712C65B9D	6110	68FF7E49B33E68D4653DDA54FA662EC144846EBA1A427D49CA8A237712C65B9D	D:\Develop_code\graduation-lane-backup\p2-01\files\base~analytics-server__warehouse-pipeline__src__main__java__com__graduation__analytics__pipeline__spark__JobCommandBuilder.java
base	analytics-server/warehouse-pipeline/src/test/java/com/graduation/analytics/pipeline/PipelineServiceTest.java	33843	9A0BE241AD493CDB3A3D387F9CF935752B9BB18BCF268F6C5C7E65DF4CC71595	33843	9A0BE241AD493CDB3A3D387F9CF935752B9BB18BCF268F6C5C7E65DF4CC71595	D:\Develop_code\graduation-lane-backup\p2-01\files\base~analytics-server__warehouse-pipeline__src__test__java__com__graduation__analytics__pipeline__PipelineServiceTest.java
base	analytics-server/warehouse-pipeline/src/test/java/com/graduation/analytics/pipeline/spark/JobCommandBuilderTest.java	7850	816BA9451A9F044B919624BA43E35EC1834E2BA3A59A83F37BCD41AC404A569E	7850	816BA9451A9F044B919624BA43E35EC1834E2BA3A59A83F37BCD41AC404A569E	D:\Develop_code\graduation-lane-backup\p2-01\files\base~analytics-server__warehouse-pipeline__src__test__java__com__graduation__analytics__pipeline__spark__JobCommandBuilderTest.java
base	analytics-server/platform-common/src/main/java/com/graduation/analytics/warehouse/WarehouseNamespace.java	6316	9C6BBB78077CD14181543EE371A4D8B173014564B7E1991D47C58DC660288B53	6316	9C6BBB78077CD14181543EE371A4D8B173014564B7E1991D47C58DC660288B53	D:\Develop_code\graduation-lane-backup\p2-01\files\base~analytics-server__platform-common__src__main__java__com__graduation__analytics__warehouse__WarehouseNamespace.java
base	analytics-server/platform-common/src/test/java/com/graduation/analytics/warehouse/WarehouseNamespaceContractTest.java	10373	5F40A35AF4A05039BF69155B796D50349E9A5947580245DD94FD6600947218BB	10373	5F40A35AF4A05039BF69155B796D50349E9A5947580245DD94FD6600947218BB	D:\Develop_code\graduation-lane-backup\p2-01\files\base~analytics-server__platform-common__src__test__java__com__graduation__analytics__warehouse__WarehouseNamespaceContractTest.java
base	analytics-server/platform-common/src/test/java/com/graduation/analytics/warehouse/WarehouseNameLiteralGateTest.java	10161	74169FCA3353B9312A58C5D4B64F4A1B960149A79BA134E41752191AA33F3F19	10161	74169FCA3353B9312A58C5D4B64F4A1B960149A79BA134E41752191AA33F3F19	D:\Develop_code\graduation-lane-backup\p2-01\files\base~analytics-server__platform-common__src__test__java__com__graduation__analytics__warehouse__WarehouseNameLiteralGateTest.java
base	analytics-server/connection-ingestion/src/main/java/com/graduation/analytics/runtime/RuntimeProfileSnapshot.java	1980	F2ADE5E6EBB9A9FE2E4922F4E1CA721A5D02888AEA89C0709EBFF1376B40460E	1980	F2ADE5E6EBB9A9FE2E4922F4E1CA721A5D02888AEA89C0709EBFF1376B40460E	D:\Develop_code\graduation-lane-backup\p2-01\files\base~analytics-server__connection-ingestion__src__main__java__com__graduation__analytics__runtime__RuntimeProfileSnapshot.java
