142	30	INIT_SCHEMA	sci	lp-1789096004653-63f684	local-process	SUCCESS	0	37	0	NULL	D:\\Develop_code\\GraduationProject\\.\\landing\\logs\\pipeline-30-INIT_SCHEMA-sci-a1__lp-1789096004653-63f684.log	NULL	2026-09-11 11:06:44.656	2026-09-11 11:06:52.704
143	30	LOAD_ODS	odl	lp-1789096012714-d7dbf5	local-process	SUCCESS	51	51	0	4106	D:\\Develop_code\\GraduationProject\\.\\landing\\logs\\pipeline-30-LOAD_ODS-odl-a1__lp-1789096012714-d7dbf5.log	NULL	2026-09-11 11:06:52.725	2026-09-11 11:07:12.818
144	30	BUILD_DWD	bdw	lp-1789096032828-dd5ccc	local-process	SUCCESS	15	14	1	394	D:\\Develop_code\\GraduationProject\\.\\landing\\logs\\pipeline-30-BUILD_DWD-bdw-a1__lp-1789096032828-dd5ccc.log	NULL	2026-09-11 11:07:12.832	2026-09-11 11:07:26.930
145	30	BUILD_DWD	dim	lp-1789096046935-074f65	local-process	SUCCESS	18	7	0	349	D:\\Develop_code\\GraduationProject\\.\\landing\\logs\\pipeline-30-BUILD_DWD-dim-a1__lp-1789096046935-074f65.log	NULL	2026-09-11 11:07:26.938	2026-09-11 11:07:39.005
146	30	BUILD_DWD	tdw	lp-1789096059010-7dde64	local-process	SUCCESS	18	35	0	376	D:\\Develop_code\\GraduationProject\\.\\landing\\logs\\pipeline-30-BUILD_DWD-tdw-a1__lp-1789096059010-7dde64.log	NULL	2026-09-11 11:07:39.013	2026-09-11 11:07:51.090
147	30	BUILD_DWS	usw	lp-1789096071101-9336b0	local-process	SUCCESS	14	3	0	1368	D:\\Develop_code\\GraduationProject\\.\\landing\\logs\\pipeline-30-BUILD_DWS-usw-a1__lp-1789096071101-9336b0.log	NULL	2026-09-11 11:07:51.104	2026-09-11 11:08:09.208
148	30	BUILD_ADS	fna	lp-1789096089217-3e2767	local-process	SUCCESS	1	22	0	3889	D:\\Develop_code\\GraduationProject\\.\\landing\\logs\\pipeline-30-BUILD_ADS-fna-a1__lp-1789096089217-3e2767.log	NULL	2026-09-11 11:08:09.224	2026-09-11 11:08:29.343
149	30	QUALITY_CHECK	dqc	lp-1789096109357-6829cf	local-process	SUCCESS	22	6	9	1945	D:\\Develop_code\\GraduationProject\\.\\landing\\logs\\pipeline-30-QUALITY_CHECK-dqc-a1__lp-1789096109357-6829cf.log	NULL	2026-09-11 11:08:29.365	2026-09-11 11:08:45.448
150	30	PUBLISH_METRIC	pub	lp-1789096125466-9d3c51	local-process	SUCCESS	22	22	0	1873	D:\\Develop_code\\GraduationProject\\.\\landing\\logs\\pipeline-30-PUBLISH_METRIC-pub-a1__lp-1789096125466-9d3c51.log	NULL	2026-09-11 11:08:45.473	2026-09-11 11:09:05.601
151	30	PUBLISH_METRIC	mxp	lp-1789096145606-9a47c9	local-process	SUCCESS	22	22	0	1793	D:\\Develop_code\\GraduationProject\\.\\landing\\logs\\pipeline-30-PUBLISH_METRIC-mxp-a1__lp-1789096145606-9a47c9.log	NULL	2026-09-11 11:09:05.612	2026-09-11 11:09:19.706
